
insert into book (book_id, title, year_release, genre, link_internet, age_restriction, number_pages, annotation)
values  (6038852, 'Современное искусство и как перестать его бояться', '2021', 'Культурология. Искусствоведение', 'https://book24.ru/product/sovremennoe-iskusstvo-i-kak-perestat-ego-boyatsya-6038852/', ' 16+ ', '272', 'Всегда интересовались искусством, но не было времени его обстоятельно изучить? Все вокруг только и говорят про современное искусство, но вы в этом ничего не понимаете? В музее вы часто задаетесь одним и тем же вопросом: кто повесил эту картину вверх ногам'),
        (6059275, 'Восьмая степень свободы', '2022', 'Боевая фантастика', 'https://book24.ru/product/vosmaya-stepen-svobody-6059275/', ' 16+ ', '352', null),
        (6022492, 'Принцы-воины', '2021', 'Фантастика и фэнтези', 'https://book24.ru/product/printsy-voiny-6022492/', ' 6+ ', '320', null),
        (6058718, 'Сокровища ордена тамплиеров', '2022', 'Русские детективы', 'https://book24.ru/product/sokrovishcha-ordena-tamplierov-6058718/', ' 16+ ', '320', null),
        (6057685, 'Встречи в тайге', '2022', 'Животные', 'https://book24.ru/product/vstrechi-v-tayge-6057685/', ' 6+ ', '192', null),
        (6059584, 'Окна в облаках', '2022', 'Русские детективы', 'https://book24.ru/product/okna-v-oblakakh-6059584/', ' 16+ ', '320', null),
        (6062884, 'Ники Лауда. Биография', '2022', 'О спорте и спортсменах', 'https://book24.ru/product/niki-lauda-biografiya-6062884/', ' 12+ ', '400', null),
        (6035832, 'Магии адепт', '2021', 'Боевая фантастика', 'https://book24.ru/product/magii-adept-6035832/', ' 16+ ', '352', null),
        (6055918, 'Классическое Таро. 78 карт и руководство (Артур Уэйт)', '2022', 'Гадания. Карты Таро', 'https://book24.ru/product/klassicheskoe-taro-78-kart-i-rukovodstvo-artur-ueyt-6055918/', ' 16+ ', '110', null),
        (6059391, '1984. Дни в Бирме. Романы', '2022', 'Классическая зарубежная литература', 'https://book24.ru/product/1984-dni-v-birme-romany-6059391/', ' 16+ ', '816', null),
        (6047063, 'От войны до войны', '2022', 'Книги про волшебников', 'https://book24.ru/product/ot-voyny-do-voyny-6047063/', ' 16+ ', '752', 'Эта история началась тысячелетия назад, когда владыка великой анаксии осудил на смерть брата-насильника и был им проклят. Эта история началась века назад, когда измена возвела на трон одряхлевшего королевства безродного выскочку, а верный погибшему сюзере'),
        (6059285, 'Энциклопедия огородника и садовода', '2022', 'Справочники садовода и огородника', 'https://book24.ru/product/entsiklopediya-ogorodnika-i-sadovoda-6059285/', ' 12+ ', '608', null),
        (5948623, 'Сафари по коже. Удивительная жизнь органа, который у всех на виду', '2021', 'Популярная медицина', 'https://book24.ru/product/safari-po-kozhe-udivitelnaya-zhizn-organa-kotoryy-u-vsekh-na-vidu-5948623/', ' 16+ ', '368', 'Кожа человека – удивительный орган, один из немногих, которые мы можем увидеть и тем более потрогать. Но несмотря на кажущуюся доступность, знаем мы о ней еще очень мало. Например, каким было отношение к коже в XVIII, XIX, XX веках и какое оно в современн'),
        (6043800, 'Помаши мне лапой! Каркасные амигуруми, которые умеют двигаться как живые', '2021', 'Изготовление игрушек', 'https://book24.ru/product/pomashi-mne-lapoy-karkasnye-amigurumi-kotorye-umeyut-dvigatsya-kak-zhivye-6043800/', ' 12+ ', '176', 'Однажды в интернете мне попался рекламный ролик с небольшой анимированной зарисовкой, герои которой были связаны крючком. Первая мысль была: это сколько же одинаковых игрушек надо связать, чтобы на экране амигуми двигались? Одна игрушка - одна поза? Стоит'),
        (6024238, 'Коварная ловушка', '2021', 'Русские детективы', 'https://book24.ru/product/kovarnaya-lovushka-6024238/', ' 16+ ', '320', null),
        (5961647, 'Подари мне себя', '2021', 'Русская сентиментальная проза', 'https://book24.ru/product/podari-mne-sebya-5961647/', ' 18+ ', '320', null),
        (6059419, 'Бесшумное оружие спецагентов и разведчиков. Иллюстрированная энциклопедия', '2022', 'Оружие', 'https://book24.ru/product/besshumnoe-oruzhie-spetsagentov-i-razvedchikov-illyustrirovannaya-entsiklopediya-6059419/', ' 16+ ', '188', 'Впервые в открытом доступе – тактико-технические характеристики, личные впечатления от испытаний, а также качественные фотографии уникального специального оружия, которое вплоть до 2020 года хранилось под грифом "СЕКРЕТНО".  	Сотни фотографий бесшумных пи'),
        (5930236, 'Захватывающие деяния искрометного гения', '2021', 'Современная зарубежная проза', 'https://book24.ru/product/zakhvatyvayushchie-deyaniya-iskrometnogo-geniya-5930236/', ' 18+ ', '480', null),
        (5963593, 'Календарь-марафон для похудения. 12 привычек, которые помогут снизить вес и закрепить результат', '2021', 'Календари 2022', 'https://book24.ru/product/kalendar-marafon-dlya-pokhudeniya-12-privychek-kotorye-pomogut-snizit-ves-i-zakrepit-rezultat-5963593/', ' 16+ ', '28', null),
        (5995739, 'Перекресток трех дорог', '2021', 'Современные детективы', 'https://book24.ru/product/perekrestok-trekh-dorog-5995739/', ' 16+ ', '384', 'Может ли жертва стать убийцей?! Более загадочного дела в своей профессиональной практике они еще не встречали – серия странных, обставленных с устрашающей и нарочитой жестокостью, убийств… Каждый раз новую жертву находят на перекрестке трех дорог, – как и'),
        (6038088, 'Кто заставил Гитлера напасть на Сталина', '2021', 'Историческая публицистика', 'https://book24.ru/product/kto-zastavil-gitlera-napast-na-stalina-6038088/', ' 16+ ', '416', null),
        (5930127, 'Разговорная грамматика с English Spot', '2022', 'Английский язык', 'https://book24.ru/product/razgovornaya-grammatika-s-english-spot-5930127/', ' 12+ ', '192', null),
        (5951126, 'Очи наяды', '2021', 'Современные детективы', 'https://book24.ru/product/ochi-nayady-5951126/', ' 16+ ', '320', null),
        (6059417, 'Часы Зигмунда Фрейда', '2022', 'Русские детективы', 'https://book24.ru/product/chasy-zigmunda-freyda-6059417/', ' 16+ ', '320', null),
        (6053007, 'Мебель. Реставрация и декор. Самое полное и понятное пошаговое руководство для начинающих', '2022', 'Другое', 'https://book24.ru/product/mebel-restavratsiya-i-dekor-samoe-polnoe-i-ponyatnoe-poshagovoe-rukovodstvo-dlya-nachinayushchikh-6053007/', ' 12+ ', '192', null),
        (5950827, 'Говорят, в IT много платят. Как построить успешную карьеру разработчика, оставаться востребованным и не выгорать', '2021', 'Саморазвитие и личностный рост', 'https://book24.ru/product/govoryat-v-it-mnogo-platyat-kak-postroit-uspeshnuyu-kareru-razrabotchika-ostavatsya-vostrebovannym-i-5950827/', ' 16+ ', '384', null),
        (6034247, 'Алиса в Стране чудес', '2021', 'Сказки зарубежных писателей', 'https://book24.ru/product/alisa-v-strane-chudes-6034247/', ' 6+ ', '128', null),
        (6053523, 'На нервах. Как перестать переживать и начать жить', '2021', 'Популярная психология', 'https://book24.ru/product/na-nervakh-kak-perestat-perezhivat-i-nachat-zhit-6053523/', ' 16+ ', '288', null),
        (5937480, 'Одно лечит, другое калечит. Польза и риски при приеме лекарств, о которых не расскажут в аптеке', '2021', 'Популярная медицина', 'https://book24.ru/product/odno-lechit-drugoe-kalechit-polza-i-riski-pri-prieme-lekarstv-o-kotorykh-ne-rasskazhut-v-apteke-5937480/', ' 16+ ', '272', 'Лекарства спасают, продлевают жизнь и повышают ее качество. Об их пользе знают все. А от рисков многим свойственно отмахиваться, ведь часто быстрое избавление от боли или странного ощущения кажется важнее, чем долгосрочные последствия для здоровья. В свое'),
        (6044981, 'Вершины мира. Самые красивые и опасные горы на Земле', '2021', 'Путеводители', 'https://book24.ru/product/vershiny-mira-samye-krasivye-i-opasnye-gory-na-zemle-6044981/', ' 16+ ', '240', 'Горы всегда вдохновляли и манили человека к своим вершинам. Таинственные гиганты, умопомрачительно красивы и смертельно опасны. В этой книге собраны факты о высочайших горах мира, маршруты к самым известным российским вершинам и множество потрясающих фото'),
        (6047216, 'Страна Качества 2.0', '2022', 'Научная фантастика', 'https://book24.ru/product/strana-kachestva-2-0-6047216/', ' 16+ ', '448', 'Двадцать первый век. Век разума, социальной и экономической справедливости. Век качественной жизни. Век Страны Качества. Страны, построенной на "больших данных", искусственных интеллектах и всесильных алгоритмах, которым подчиняются все государственные и '),
        (6052357, 'Убедили, беру! 178 проверенных приемов продаж', '2021', 'Продажи', 'https://book24.ru/product/ubedili-beru-178-proverennykh-priemov-prodazh-6052357/', ' 12+ ', '320', null),
        (6059198, 'Китайский язык для школьников', '2022', 'Иностранные языки в средней школе', 'https://book24.ru/product/kitayskiy-yazyk-dlya-shkolnikov-6059198/', ' 6+ ', '208', 'Данное пособие предназначено для школьников среднего возраста, начинающих изучение китайского языка. Материал в справочнике охватывает основную учебную программу. Книга состоит из тематических блоков, каждый из которых содержит грамматические правила, нов'),
        (6019904, 'Тело человека', '2021', 'Всё о человеке', 'https://book24.ru/product/telo-cheloveka-6019904/', ' 6+ ', '24', null),
        (6047583, 'Приключения режиссера', '2021', 'Биографии. Мемуары', 'https://book24.ru/product/priklyucheniya-rezhissera-6047583/', ' 12+ ', '320', null),
        (6059211, 'Немецкий с нуля', '2022', 'Немецкий язык', 'https://book24.ru/product/nemetskiy-s-nulya-6059211/', ' 12+ ', '368', null),
        (6019953, '#Elysium', '2021', 'Русское фэнтези', 'https://book24.ru/product/elysium-6019953/', ' 18+ ', '320', null),
        (6035687, 'Искусство шить РУБАШКИ и БЛУЗКИ. Японский метод моделирования и шитья Йоко НОГИ + коллекция выкроек в натуральную величину', '2021', 'Кройка и шитье', 'https://book24.ru/product/iskusstvo-shit-rubashki-i-bluzki-yaponskiy-metod-modelirovaniya-i-shitya-yoko-nogi-kollektsiya-vykro-6035687/', ' 12+ ', '160', 'Книга, покорившая сердца рукодельниц всего мира, исчерпывающее руководство для тех, кто не любит шить по готовым выкройкам, но испытывает недостаток знаний для разработки собственных фасонов.  Решить эту проблему, предоставив мастеру удобный инструмент, с'),
        (6020132, 'Карельский блицкриг', '2021', 'Боевая фантастика', 'https://book24.ru/product/karelskiy-blitskrig-6020132/', ' 16+ ', '352', null),
        (6063481, 'Фриланс с нуля, или Свободные воины Интернета. Работай там, где нравится, и зарабатывай столько, сколько хочется', '2022', 'Стартапы и создание бизнеса', 'https://book24.ru/product/frilans-s-nulya-ili-svobodnye-voiny-interneta-rabotay-tam-gde-nravitsya-i-zarabatyvay-stolko-skolko--6063481/', ' 16+ ', '208', null),
        (6047357, 'Взламывая организм человека', '2021', 'Популярная медицина', 'https://book24.ru/product/vzlamyvaya-organizm-cheloveka-6047357/', ' 12+ ', '336', null),
        (6064967, 'Из моего окна', '2022', 'Зарубежные любовные романы', 'https://book24.ru/product/iz-moego-okna-6064967/', ' 18+ ', '480', null),
        (5942383, 'Рассказы для детей', '2021', 'Повести и рассказы', 'https://book24.ru/product/rasskazy-dlya-detey-5942383/', ' 6+ ', '64', null),
        (6058245, 'Воскресенье без Бога. Том 2', '2022', 'Манга', 'https://book24.ru/product/voskresene-bez-boga-tom-2-6058245/', ' 18+ ', '344', null),
        (6059245, 'География для любознательных', '2022', 'География и путеводители', 'https://book24.ru/product/geografiya-dlya-lyuboznatelnykh-6059245/', ' 6+ ', '240', null),
        (6027277, 'Честно говоря', '2021', 'Биографии. Мемуары', 'https://book24.ru/product/chestno-govorya-6027277/', ' 12+ ', '128', 'Рассуждая о секретах успеха Ирины Понаровской, коллеги и поклонники все как один отмечают ее исполнительский талант, удивительный тембр голоса и восхитительное чувство стиля. Странно, что почти никто при этом не говорит о сильном, практически стальном хар'),
        (6034942, 'Законы социального заражения. 7 стратегий изменения общественного мнения и поведения', '2021', 'Популярная психология', 'https://book24.ru/product/zakony-sotsialnogo-zarazheniya-7-strategiy-izmeneniya-obshchestvennogo-mneniya-i-povedeniya-6034942/', ' 16+ ', '448', 'Дэймон Чентола, профессор Школы коммуникаций Анненберга и Школы инженерных и прикладных наук Пенсильванского университета, провел масштабное исследование таких крупных компаний, как: Google, Facebook, и общественных движений #Metoo и Black Lives Matter и '),
        (5965501, 'Когда б не баня, все бы мы пропали', '2021', 'Культурология. Искусствоведение', 'https://book24.ru/product/kogda-b-ne-banya-vse-by-my-propali-5965501/', ' 16+ ', '496', 'Для русского человека баня – это, конечно, далеко не только возможность помыться и попариться (хотя какая русская баня без пара). Это еще и пространство, где сакральное встречается с греховным, духовное с телесным, а этот мир соприкасается с тем миром. В '),
        (6062667, 'Истории торговца книгами', '2021', 'Истории успеха', 'https://book24.ru/product/istorii-torgovtsa-knigami-6062667/', ' 16+ ', '416', null),
        (5930194, 'Установи границы, обрети душевный покой. Как построить здоровые отношения с окружающими', '2022', 'Популярная психология', 'https://book24.ru/product/ustanovi-granitsy-obreti-dushevnyy-pokoy-kak-postroit-zdorovye-otnosheniya-s-okruzhayushchimi-5930194/', ' 16+ ', '320', null),
        (6007485, 'Вызов', '2021', 'Зарубежная сентиментальная проза', 'https://book24.ru/product/vyzov-6007485/', ' 18+ ', '384', 'В колледже я планировала превратиться из гадкого утенка в прекрасного лебедя. Вместо этого я оказалась окружена злобными девчонками из студенческого общества. Я и так не очень вписываюсь в местную тусовку, поэтому не могу отказать им, когда они бросают мн'),
        (6054011, 'У Ворона две жизни', '2022', 'Героическое фэнтези', 'https://book24.ru/product/u-vorona-dve-zhizni-6054011/', ' 16+ ', '352', null),
        (5961162, 'Драконья сага. Легенды. Драконоборец', '2021', 'Фантастика и фэнтези для подростков', 'https://book24.ru/product/drakonya-saga-legendy-drakonoborets-5961162/', ' 12+ ', '544', null),
        (6059670, 'Ангелы плачут в июне', '2022', 'Ужасы. Мистика', 'https://book24.ru/product/angely-plachut-v-iyune-6059670/', ' 16+ ', '288', null),
        (6059291, 'Сад и огород с Николаем Курдюмовым', '2022', 'Справочники садовода и огородника', 'https://book24.ru/product/sad-i-ogorod-s-nikolaem-kurdyumovym-6059291/', ' 12+ ', '192', null),
        (5930379, 'Гнев ангелов', '2021', 'Зарубежные боевики', 'https://book24.ru/product/gnev-angelov-5930379/', ' 16+ ', '448', null),
        (6059792, 'Оранжевый цвет радуги', '2022', 'Любовное фэнтези', 'https://book24.ru/product/oranzhevyy-tsvet-radugi-6059792/', ' 16+ ', '416', null),
        (5962156, 'Быть психиатром. Дневник работы в клинике', '2021', 'Медицинские истории', 'https://book24.ru/product/byt-psikhiatrom-dnevnik-raboty-v-klinike-5962156/', ' 16+ ', '496', null),
        (6059640, 'Суфле из бледной поганки', '2022', 'Иронические детективы', 'https://book24.ru/product/sufle-iz-blednoy-poganki-6059640/', ' 16+ ', '320', null),
        (6017722, 'Наследие. Наследие 2 (подарочное издание)', '2021', 'Боевая фантастика', 'https://book24.ru/product/nasledie-nasledie-2-podarochnoe-izdanie-6017722/', ' 16+ ', '1024', null),
        (5929909, 'Неформат. Запретная тема', '2021', 'Современная русская проза', 'https://book24.ru/product/neformat-zapretnaya-tema-5929909/', ' 16+ ', '192', null),
        (5961634, 'Новая Дикая Охота', '2021', 'Героическое фэнтези', 'https://book24.ru/product/novaya-dikaya-okhota-5961634/', ' 18+ ', '288', null),
        (6059498, 'Власть Путина. Зачем Европе Россия?', '2022', 'Современная политика', 'https://book24.ru/product/vlast-putina-zachem-evrope-rossiya-6059498/', ' 16+ ', '352', 'Хуберт Зайпель является единственным западным журналистом, имеющим прямой личный доступ к Владимиру Путину. В своей новой книге Зайпель анализирует международную и внутреннюю российскую политику в последние годы, бесплодную борьбу между ЕС, Украиной, США '),
        (5964399, 'Германт', '2021', 'Классическая зарубежная литература', 'https://book24.ru/product/germant-5964399/', ' 12+ ', '768', null),
        (6041207, 'Экономика. Для тех, кто про нее не может слышать', '2021', 'Общая экономика', 'https://book24.ru/product/ekonomika-dlya-tekh-kto-pro-nee-ne-mozhet-slyshat-6041207/', ' 16+ ', '320', 'Экономика присутствует в нашей жизни каждый день, ведь каждый день мы заглядываем в кошелек и за что-то кому-то платим. Это бытовая повседневная экономика.  Но есть еще экономика – наука, где ученые применяют математические формулы и статистические методы'),
        (5970910, 'Труженики моря', '2021', 'Классическая зарубежная литература', 'https://book24.ru/product/truzheniki-morya-5970910/', ' 16+ ', '544', null),
        (6027582, 'Вперед, Команданте!', '2021', 'Боевая фантастика', 'https://book24.ru/product/vpered-komandante-6027582/', ' 16+ ', '480', null),
        (6043797, 'НКО. Как устроены некоммерческие организации', '2022', 'Российский бизнес', 'https://book24.ru/product/nko-kak-ustroeny-nekommercheskie-organizatsii-6043797/', ' 16+ ', '256', 'Книга Дмитрия Поликанова освещает деятельность НКО изнутри. На примере фонда поддержки слепоглухих "Со-единение" Поликанов рассказывает, как привлекать к сотрудничеству бизнесменов, активистов, политиков и филантропов. Как вести переговоры, как обустраива'),
        (5953944, 'Приют для бездомных кактусов', '2021', 'Современная русская проза', 'https://book24.ru/product/priyut-dlya-bezdomnykh-kaktusov-5953944/', ' 16+ ', '416', null),
        (6042434, 'Чума', '2021', 'Классическая зарубежная литература', 'https://book24.ru/product/chuma-6042434/', ' 16+ ', '320', null),
        (5442345, 'Когнитивно-поведенческая терапия. От основ к направлениям', '2021', 'Психотерапия', 'https://book24.ru/product/kognitivno-povedencheskaya-terapiya-ot-osnov-k-napravleniyam-5442345/', ' 16+ ', '416', null),
        (6037179, 'Путь аргоси', '2021', 'Фантастика и фэнтези для подростков', 'https://book24.ru/product/put-argosi-7-6037179/', ' 16+ ', '384', null),
        (6028608, 'Отморозки', '2021', 'Боевая фантастика', 'https://book24.ru/product/otmorozki-6028608/', ' 16+ ', '592', null),
        (6022019, 'Ужин по-французски. Мои рецепты, вдохновленные Францией', '2021', 'Национальные кухни', 'https://book24.ru/product/uzhin-po-frantsuzski-moi-retsepty-vdokhnovlennye-frantsiey-6022019/', ' 16+ ', '336', 'Невозможно ездить каждое лето во Францию и не влюбиться в ее изысканную кухню, что и произошло с автором книги, американкой Мелиссой Кларк, еще в детстве. Впитав сразу две кулинарные традиции, французскую и американскую, она создает оригинальные и удивите'),
        (5933931, 'Алые паруса. Повести', '2021', 'Классическая литература', 'https://book24.ru/product/alye-parusa-povesti-5933931/', ' 6+ ', '416', null),
        (6040819, 'Ключ к вашей энергии. 22 протокола эмоциональной свободы', '2021', 'Саморазвитие и личностный рост', 'https://book24.ru/product/klyuch-k-vashey-energii-22-protokola-emotsionalnoy-svobody-6040819/', ' 12+ ', '240', 'Часто наши проблемы со здоровьем связаны со скрываемыми эмоциями и травмами: с нашими страхами, комплексами, чувством вины, обидами. Мы несем в себе тяжелый багаж разрушительных чувств, и в этом корень наших болезней. Наташа Калестреме расскажет в своей к'),
        (6035111, 'Прощение', '2021', 'Зарубежные детективы', 'https://book24.ru/product/proshchenie-6035111/', ' 16+ ', '384', 'Полиция Рейкьявика расследует похищение шестнадцатилетней девушки. Преступник снял серию видеороликов, на которых зареванная жертва просит за что-то прощения. Эти видео были разосланы через приложение "Снэпчат" всем ее подписчикам. 	Через несколько дней д'),
        (6024965, 'Герцог в сияющих доспехах', '2021', 'Зарубежные любовные романы', 'https://book24.ru/product/gertsog-v-siyayushchikh-dospekhakh-6024965/', ' 16+ ', '352', null),
        (6028853, 'Зловещий трофей', '2022', 'Военные боевики', 'https://book24.ru/product/zloveshchiy-trofey-6028853/', ' 16+ ', '288', null),
        (5565875, 'Голос земли. Легендарный бестселлер десятилетия о сокровенных знаниях индейских племен, научных исследованиях и мистической связи человека с природой', '2022', 'Справочники садовода и огородника', 'https://book24.ru/product/golos-zemli-legendarnyy-bestseller-desyatiletiya-o-sokrovennykh-znaniyakh-indeyskikh-plemen-nauchnykh-5565875/', ' 12+ ', '416', 'Как ученый-исследователь в области биологии автор этой книги понимает, сколь незащищен и хрупок наш мир, а как активный гражданин и представитель коренного народа потаватоми, не потерявший связи со своими корнями, она чувствует и познает мир способом, кот'),
        (5931013, 'Улыбка', '2021', 'Комиксы', 'https://book24.ru/product/ulybka-5931013/', ' 12+ ', '224', null),
        (6057441, 'Злоба', '2022', 'Темное фэнтези', 'https://book24.ru/product/zloba-6057441/', ' 16+ ', '960', null),
        (6028647, 'Бандитский брудершафт', '2022', 'Военные боевики', 'https://book24.ru/product/banditskiy-brudershaft-6028647/', ' 16+ ', '288', null),
        (5970612, 'Эдгар Аллан По. Таро (78 карт и руководство в подарочном футляре)', '2021', 'Гадания. Карты Таро', 'https://book24.ru/product/edgar-allan-po-taro-78-kart-i-rukovodstvo-v-podarochnom-futlyare-5970612/', ' 16+ ', '288', 'Загляните в глубины своего "я" и поймите – кто вы есть сейчас и кем можете стать в будущем вместе с Таро Эдгара Аллана По! Эта колода гармонично сочетает в себе завораживающие образы из произведений Эдгара Аллана По и классическую структуру Таро Артура Уэ'),
        (6064187, 'Госпожа Кагуя: В любви как на войне. Любовная битва двух гениев. Кн.5', '2022', 'Манга', 'https://book24.ru/product/gospozha-kaguya-v-lyubvi-kak-na-voyne-lyubovnaya-bitva-dvukh-geniev-kn-5-6064187/', ' 16+ ', '440', null),
        (6042670, 'Яды и проклятия. Теневая жизнь растений', '2021', 'Мифы и легенды', 'https://book24.ru/product/yady-i-proklyatiya-tenevaya-zhizn-rasteniy-6042670/', ' 18+ ', '256', null),
        (5954497, 'Успех вопреки. Как находить возможности и достигать великих результатов', '2021', 'Истории успеха', 'https://book24.ru/product/uspekh-vopreki-kak-nakhodit-vozmozhnosti-i-dostigat-velikikh-rezultatov-5954497/', ' 12+ ', '240', 'Настоящего успеха в бизнесе могут добиться только избранные! Без образования и связей денег не заработать! Для успеха нужен стартовый капитал!  Не верьте тому, кто так говорит. Успех не всегда логичен и совершенно не обязательно идет по заранее заданной с'),
        (6045676, 'Маленькие женщины', '2021', 'Классическая зарубежная литература', 'https://book24.ru/product/malenkie-zhenshchiny-6045676/', ' 16+ ', '352', 'Искренний и трогательный роман о детстве и юности четырех сестер. В Америке началась Гражданская война, глава семейства Марч ушел на фронт, а все заботы по дому легли на плечи его жены и дочерей. Старшая из сестер, шестнадцатилетняя Маргарет - женственная'),
        (5954814, 'Афанасьева, стой!', '2021', 'Русское фэнтези', 'https://book24.ru/product/afanaseva-stoy-5954814/', ' 16+ ', '352', null),
        (6059981, 'Дом на Баумановской', '2022', 'Русские детективы', 'https://book24.ru/product/dom-na-baumanovskoy-6059981/', ' 16+ ', '352', null),
        (6034626, 'Одинокие души', '2021', 'Остросюжетные любовные романы', 'https://book24.ru/product/odinokie-dushi-6034626/', ' 18+ ', '416', 'Лия потеряла все: любовь, дружбу, память. 365 дней, которые, кажется, не вернуть. Теперь у нее новая жизнь. Другая.  Но прошлое все равно заявит о себе. Загадочные смерти подростков, проблемы младшей сестры, тайна несчастного случая, изменившего жизнь Лии'),
        (5954568, 'Улыбайся, Babe! Это ещё не всё!', '2021', 'Современная русская проза', 'https://book24.ru/product/ulybaysya-babe-eto-eshchye-ne-vsye-5954568/', ' 16+ ', '240', null),
        (5939389, 'Возлюбленная герцога', '2021', 'Зарубежные любовные романы', 'https://book24.ru/product/vozlyublennaya-gertsoga-5939389/', ' 16+ ', '352', null),
        (6033891, 'Алая гроздь турмалина', '2021', 'Современные детективы', 'https://book24.ru/product/alaya-grozd-turmalina-6033891/', ' 16+ ', '352', null),
        (6029224, 'Надежда - мой компас земной', '2021', 'Современная поэзия', 'https://book24.ru/product/nadezhda-moy-kompas-zemnoy-6029224/', ' 12+ ', '224', null),
        (5954426, 'Убийца Тупиц. Психотерапия', '2021', 'Комиксы', 'https://book24.ru/product/ubiytsa-tupits-psikhoterapiya-5954426/', ' 18+ ', '112', null),
        (5942392, 'Бумажный змей. Рассказы. Сказки', '2021', 'Повести и рассказы', 'https://book24.ru/product/bumazhnyy-zmey-rasskazy-skazki-5942392/', ' 6+ ', '64', null),
        (6029370, 'Роман с Data Science. Как монетизировать большие данные', '2021', 'Информатика', 'https://book24.ru/product/roman-s-data-science-kak-monetizirovat-bolshie-dannye-6029370/', ' 16+ ', '320', null),
        (6035711, 'Вышивка народов мира. Большое путешествие по странам и континентам. Практическая иллюстрированная энциклопедия', '2021', 'Вышивка', 'https://book24.ru/product/vyshivka-narodov-mira-bolshoe-puteshestvie-po-stranam-i-kontinentam-prakticheskaya-illyustrirovannaya-6035711/', ' 12+ ', '272', 'Эта красочная и богато иллюстрированная книга познакомит читателя с мировыми традициями вышивания.  Она не претендует на то, чтобы подробно рассказать о вышивке каждой страны или даже каждого континента. Скорее, это будет похоже на обзорную экскурсию, нап'),
        (5954822, 'Третий после смерти', '2021', 'Ужасы. Мистика', 'https://book24.ru/product/tretiy-posle-smerti-5954822/', ' 16+ ', '352', 'В тихом провинциальном городке зверски убит офицер Вершинин. Оказалось, накакуне смерти он повздорил с поклонником своей бывшей возлюбленной Марии Симанской. Скромная учительница музыки обладает необъяснимой женской притягательностью: у нее множество возд'),
        (6054169, 'Иржина', '2022', 'Любовное фэнтези', 'https://book24.ru/product/irzhina-6054169/', ' 16+ ', '1184', null),
        (6020523, 'Айсберг под сердцем', '2021', 'Современные детективы', 'https://book24.ru/product/aysberg-pod-serdtsem-6020523/', ' 16+ ', '384', null),
        (6054191, 'Я твой монстр', '2022', 'Остросюжетные любовные романы', 'https://book24.ru/product/ya-tvoy-monstr-6054191/', ' 16+ ', '704', null),
        (6027525, 'Метод Марины Мелия. Как усилить свою силу', '2021', 'Популярная психология', 'https://book24.ru/product/metod-mariny-meliya-kak-usilit-svoyu-silu-6027525/', ' 16+ ', '288', 'В основе метода Марины Мелия – глубокая вера в возможности и скрытые силы, заложенные в каждом человеке. Зачастую "сила" не очевидна: она может выглядеть как недостаток или не вписываться в стереотипы. Бывает, одно и то же качество кому-то помогает добить'),
        (6022043, 'Иржина. Предначертанного не избежать', '2021', 'Русское фэнтези', 'https://book24.ru/product/irzhina-prednachertannogo-ne-izbezhat-6022043/', ' 16+ ', '416', null),
        (6052664, 'Таро муз', '2021', 'Гадания. Карты Таро', 'https://book24.ru/product/taro-muz-6052664/', ' 16+ ', '254', null),
        (5936584, 'Тайлисан. Во имя будущего', '2021', 'Любовное фэнтези', 'https://book24.ru/product/taylisan-vo-imya-budushchego-5936584/', ' 16+ ', '352', null);
insert into author (author_id, first_name, last_name, birthdate, country)
values  (1088, 'Александр', 'Левитас', null, null),
        (1089, 'Марина', 'Куприна', null, null),
        (1090, 'Мадлен', 'Дэни', null, null),
        (1091, 'Андрей', 'Житинкин', null, null),
        (1092, 'Сергей', 'Матвеев', null, null),
        (1093, 'Диана', 'Лилит', null, null),
        (1094, 'Йоко', 'Ноги', null, null),
        (1095, 'Владимир', 'Панин', null, null),
        (1096, 'Лиза', 'Ортман', null, null),
        (1097, 'Грэм', 'Лоутон', null, null),
        (1098, 'Ариана', 'Годой', null, null),
        (1099, 'Аркадий', 'Аверченко', null, null),
        (1100, 'Ириэ', 'Кимихито', null, null),
        (1101, 'Баландин', 'Рудольф', null, null),
        (1102, 'Ирина', 'Понаровская', null, null),
        (1103, 'Деймон', 'Чентола', null, null),
        (1104, 'Владимир', 'Арсеньев', null, null),
        (1105, 'Евгения', 'Михайлова', null, null),
        (1106, 'Морис', 'Хэмилтон', null, null),
        (1107, 'Александр', 'Сухов', null, null),
        (1108, 'Уэйт', 'Артур', null, null),
        (1110, 'Джордж', 'Оруэлл', null, null),
        (1111, 'Вера', 'Камша', null, null),
        (1112, 'Николай', 'Курдюмов', null, null),
        (1113, 'Монти', 'Лиман', null, null),
        (1114, 'Мария', 'Устюшкина', null, null),
        (1115, 'Марина', 'Серова', null, null),
        (1116, 'Вероника', 'Касс', null, null),
        (1117, 'Лазарев', 'Константин', null, null),
        (1118, 'Дэйв', 'Эггерс', null, null),
        (1119, 'Олеся', 'Галькевич', null, null),
        (1120, 'Татьяна', 'Степанова', null, null),
        (1122, 'Николай', 'Стариков', null, null),
        (1124, 'Кристина', 'Бьорн', null, null),
        (1126, 'Итан', 'Поллок', null, null),
        (1127, 'Лейтем', 'Мартин', null, null),
        (1129, 'Недра', 'Тавваб', null, null),
        (1131, 'Эль', 'Кеннеди', null, null),
        (1132, 'Елена', 'Кондрацкая', null, null),
        (1133, 'Туи', 'Т.', null, null),
        (1134, 'Влада', 'Молнева', null, null),
        (1136, 'Сидни', 'Шелдон', null, null),
        (1138, 'Владимир', 'Бехтерев', null, null),
        (1139, 'Дарья', 'Калинина', null, null),
        (1140, 'Сергей', 'Тармашев', null, null),
        (1141, 'Наталия', 'Вико', null, null),
        (1142, 'Макс', 'Фрай', null, null),
        (1143, 'Хуберт', 'Зайпель', null, null),
        (1145, 'Марсель', 'Пруст', null, null),
        (1146, 'Нечаев', 'Сергей', null, null),
        (1147, 'Виктор', 'Гюго', null, null),
        (1148, 'Влад', 'Савин', null, null),
        (1149, 'Дмитрий', 'Поликанов', null, null),
        (1150, 'Сухбат', 'Афлатуни', null, null),
        (1151, 'Альбер', 'Камю', null, null),
        (1152, 'Бек', 'Джудит', null, null),
        (1153, 'Себастьян', 'де', null, null),
        (1154, 'Андрей', 'Земляной', null, null),
        (1155, 'Мелисса', 'Кларк', null, null),
        (1156, 'Александр', 'Грин', null, null),
        (1157, 'Наташа', 'Калестреме', null, null),
        (1158, 'Ирса', 'Сигурдардоттир', null, null),
        (1159, 'Чейз', 'Лоретта', null, null),
        (1160, 'Валерий', 'Шарапов', null, null),
        (1161, 'Робин', 'Уолл', null, null),
        (1162, 'Рейна', 'Телгемайер', null, null),
        (1163, 'Джон', 'Гвинн', null, null),
        (1165, 'Роуз', 'Райт', null, null),
        (1166, 'Акасака', 'Ака', null, null),
        (1167, 'Фез', 'Инкрайт', null, null),
        (1168, 'Павлов', 'А.', null, null),
        (1169, 'Луиза', 'Мэй', null, null),
        (1170, 'Олеся', 'Стаховская', null, null),
        (1171, 'Юлия', 'Ли', null, null),
        (1172, 'Дьюал', 'Эшли', null, null),
        (1173, '', 'Коротаева', null, null),
        (1174, 'Сара', 'Маклейн', null, null),
        (1175, 'Людмила', 'Мартова', null, null),
        (1176, 'Николай', 'Добронравов', null, null),
        (1177, 'Макс', 'Бимис', null, null),
        (1178, 'Евгений', 'Пермяк', null, null),
        (1179, '', 'Зыков', null, null),
        (1180, 'Анна', 'Зайцева', null, null),
        (1181, 'Наталья', 'Солнцева', null, null),
        (1183, 'Наталья', 'Андреева', null, null),
        (1184, 'Елена', 'Звездная', null, null),
        (1185, 'Марина', 'Мелия', null, null),
        (1186, 'Милена', 'Завойчинская', null, null),
        (1187, 'Эми', 'Ховард', null, null),
        (1188, 'Елена', 'Правдина', null, null),
        (1189, 'Льюис', 'Кэрролл', null, null),
        (1190, 'Екатерина', 'Оксанен', null, null),
        (1191, 'Екатерина', 'Елисеева', null, null),
        (1192, 'Наталья', 'Якубова', null, null),
        (1193, 'Марк-Уве', 'Клинг', null, null),
        (1194, 'Крис-Энн', '', null, null),
        (1195, 'Галина', 'Долгова', null, null),
        (1125, '', 'Гущин', null, null),
        (1109, '', 'Ширер', null, null),
        (1123, '', 'Демидова', null, null);
insert into comments (comment, book_id)
values ('Very nice book, love it', 6038852);
insert into books_authors (author_id, book_id)
values  (1193, 6038852),
        (1124, 6059275),
        (1108, 6022492),
        (1120, 6058718),
        (1104, 6057685),
        (1105, 6059584),
        (1106, 6062884),
        (1107, 6035832),
        (1108, 6055918),
        (1110, 6059391),
        (1111, 6047063),
        (1112, 6059285),
        (1113, 5948623),
        (1114, 6043800),
        (1115, 6024238),
        (1116, 5961647),
        (1117, 6059419),
        (1118, 5930236),
        (1119, 5963593),
        (1120, 5995739),
        (1122, 6038088),
        (1124, 5930127),
        (1124, 5951126),
        (1124, 6059417),
        (1187, 6053007),
        (1188, 5950827),
        (1189, 6034247),
        (1190, 6053523),
        (1191, 5937480),
        (1192, 6044981),
        (1193, 6047216),
        (1088, 6052357),
        (1089, 6059198),
        (1090, 6019904),
        (1091, 6047583),
        (1092, 6059211),
        (1093, 6019953),
        (1094, 6035687),
        (1095, 6020132),
        (1096, 6063481),
        (1097, 6047357),
        (1098, 6064967),
        (1099, 5942383),
        (1100, 6058245),
        (1101, 6059245),
        (1102, 6027277),
        (1103, 6034942),
        (1126, 5965501),
        (1127, 6062667),
        (1129, 5930194),
        (1131, 6007485),
        (1132, 6054011),
        (1133, 5961162),
        (1134, 6059670),
        (1112, 6059291),
        (1136, 5930379),
        (1186, 6059792),
        (1138, 5962156),
        (1139, 6059640),
        (1140, 6017722),
        (1141, 5929909),
        (1142, 5961634),
        (1143, 6059498),
        (1145, 5964399),
        (1146, 6041207),
        (1147, 5970910),
        (1148, 6027582),
        (1149, 6043797),
        (1150, 5953944),
        (1151, 6042434),
        (1152, 5442345),
        (1153, 6037179),
        (1154, 6028608),
        (1155, 6022019),
        (1156, 5933931),
        (1157, 6040819),
        (1158, 6035111),
        (1159, 6024965),
        (1160, 6028853),
        (1161, 5565875),
        (1162, 5931013),
        (1163, 6057441),
        (1160, 6028647),
        (1165, 5970612),
        (1166, 6064187),
        (1167, 6042670),
        (1168, 5954497),
        (1169, 6045676),
        (1170, 5954814),
        (1171, 6059981),
        (1172, 6034626),
        (1173, 5954568),
        (1174, 5939389),
        (1175, 6033891),
        (1176, 6029224),
        (1177, 5954426),
        (1178, 5942392),
        (1179, 6029370),
        (1180, 6035711),
        (1181, 5954822),
        (1186, 6054169),
        (1183, 6020523),
        (1184, 6054191),
        (1185, 6027525),
        (1186, 6022043),
        (1194, 6052664),
        (1195, 5936584);
insert into public.role (role_id, name, mask)
values (1, "default", 1),
       (127, "developer", 127),
       (255, "admin", 255);
insert into public.user (user_id, birth_date, email, first_name, hash_password, last_name, nickname, open_profile, roleid)
values  (1, '2022-03-15 18:10:10.000000', 'xxx@mail.ru', 'alik', '123', 'put', 'alik_put', true, 1),
        (123, '2022-03-15 18:10:44.000000', 'yyy@gmail.com', 'rom', '123', 'mikh', 'idxaero', true, 1),
        (234, '2022-03-15 18:11:32.000000', 'zzz@gmail.com', 'ilya', '123', 'lll', 'ilya', true, 1),
        (4, '2001-09-04', 'osipov.ia@phystech.edu', 'Илья', '-1766081936', 'Осипов', 'Riernish', true, 255),
        (5, '2001-01-01', 'mikhailov.ra@phystech.edu', 'Роман', '2022431080', 'Михайлов', 'RomanMikhailovDASR', true, 127),
        (6, '2001-01-20', 'putin.al@phystech.edu', 'Александр', '2022431080', 'Путин', 'alik_put', true, 127),
        (8, '1988-12-14', 'zabivaka88@bk.ru', 'Григорий', '2022431080', 'Тарасов', '4ERTEHbI|_|_|', true, 1),
        (7, '2007-08-31', 'alexmmas@mail.ru', 'Станислав', '2022431080', 'Петров', 'DyadyaDeda', true, 1);
insert into favourites (link_id, book_id, date_favourite, user_id)
values (1, 6020523, '2008-10-23 10:37:22', 1),
       (2, 5942392, '2008-10-23 10:37:22', 123),
       (3, 6052664, CURRENT_TIMESTAMP , 123);
insert into recommendations(recommendation_id, user_id, book_id, date_recommendation)
values (1, 1, 6020523, CURRENT_TIMESTAMP ),
       (2, 123, 6020523, '2008-10-23 10:37:22'),
       (3, 123, 6052664, '2008-10-23 10:37:22');